0,0,0,0,0,0,0,1.0454164,0.00012928314522120437,0.00012928314,0.9850295,5.545963693798234E-05,5.5459637E-05,0.9203276,1.7468601721248883E-05,1.7468601E-05,0.8677677,5.644138947158415E-06,5.644139E-06,0.826809,1.8371824617724447E-05,1.8371824E-05,0.7817306,2.605009566075675E-05,2.6050096E-05,0.7238571,2.8315539374046392E-05,2.8315539E-05,0.6627893,2.6794673528299225E-05,2.6794674E-05,0.5964859,2.4255245009999174E-05,2.4255245E-05,0.542609,2.22551435466317E-05,2.2255144E-05,0,0,0,0,0,0,0,0,0,0,0,0,0,0,0,0,0,0,0,0,0,0,0,0,0,0,0,0,0,0,0,0,0,0,0,0,0,0,0,0,0,0,0,0,0,0,0,0,0,0,0,0,0,0,0,0,0,0,0,0,0,0,0,0,0,0,0,0,0,0,0,0,0,0,0,0,0,0,0,0,0,0,0,0,0,0,0
0,0,0,0,0,0,0,1.1419709,0.00016996666983740139,0.00016996668,1.0294625,5.5744355204723396E-05,5.5744356E-05,0.94801027,2.0231267794323937E-05,2.0231268E-05,0.89880216,1.629634093414105E-05,1.629634E-05,0.86293286,3.9098759594347095E-05,3.909876E-05,0.81898373,3.704911713889313E-05,3.7049118E-05,0.7666906,4.423292418942463E-05,4.4232926E-05,0.74311304,3.7722087737897265E-05,3.772209E-05,0.7064005,3.526333611997271E-05,3.5263336E-05,0.6517739,2.8850473421271383E-05,2.8850473E-05,0.5886902,1.823715273974177E-05,1.8237153E-05,0.55467856,1.4102785704017694E-05,1.4102786E-05,0.5213552,1.0414557211291252E-05,1.0414557E-05,0,0,0,0,0,0,0,0,0,0,0,0,0,0,0,0,0,0,0,0,0,0,0,0,0,0,0,0,0,0,0,0,0,0,0,0,0,0,0,0,0,0,0,0,0,0,0,0,0,0,0,0,0,0,0,0,0,0,0,0,0,0,0,0,0,0,0,0,0,0,0,0,0,0,0,0,0,0
0,0,0,0,0,0,0,0.9961755,0.00024330830828418068,0.00024330831,0.806044,8.283989710078389E-05,8.28399E-05,0.68003994,2.0524274545463646E-05,2.0524274E-05,0.726364,3.234740252464058E-05,3.23474E-05,0.7293761,3.91040758849215E-05,3.9104078E-05,0.700416,3.7056523546945894E-05,3.7056525E-05,0.64310944,4.4228337456320175E-05,4.4228338E-05,0.58535117,4.1916511703016165E-05,4.191651E-05,0.54354423,3.828009550854713E-05,3.8280097E-05,0.54039204,3.487668708279661E-05,3.4876688E-05,0.5221989,2.24464323091145E-05,2.2446433E-05,0.5315724,1.409799303503381E-05,1.4097993E-05,0.52991974,1.041126822226569E-05,1.0411268E-05,0.5213417,3.0818597559784944E-08,3.0818597E-08,0,0,0,0,0,0,0,0,0,0,0,0,0,0,0,0,0,0,0,0,0,0,0,0,0,0,0,0,0,0,0,0,0,0,0,0,0,0,0,0,0,0,0,0,0,0,0,0,0,0,0,0,0,0,0,0,0,0,0,0,0,0,0,0,0,0,0,0,0,0,0,0,0,0,0
0,0,0,0,0,0,0,1.156436,0.00024343394241466124,0.00024343394,1.1393071,0.00011186791974322743,0.00011186792,1.0964006,9.949327097558156E-05,9.949327E-05,1.0538044,9.387518417469648E-05,9.3875184E-05,1.0143945,8.405968666257163E-05,8.4059684E-05,0.96682507,7.313867562527821E-05,7.3138675E-05,0.9009176,6.825362080492553E-05,6.825362E-05,0.8187456,5.611725015899904E-05,5.611725E-05,0.7238276,4.676667485270083E-05,4.6766676E-05,0.6321231,4.153769614673158E-05,4.1537696E-05,0.5765797,2.7512608201080214E-05,2.7512608E-05,0.5515394,1.8206179004762197E-05,1.820618E-05,0,0,0,0,0,0,0,0,0,0,0,0,0,0,0,0,0,0,0,0,0,0,0,0,0,0,0,0,0,0,0,0,0,0,0,0,0,0,0,0,0,0,0,0,0,0,0,0,0,0,0,0,0,0,0,0,0,0,0,0,0,0,0,0,0,0,0,0,0,0,0,0,0,0,0,0,0,0,0,0,0
0,0,0,0,0,0,0,1.1406748,0.00028078851711660444,0.00028078852,1.0296655,0.00013385483197270187,0.00013385483,0.93052465,0.0001041720928581792,0.00010417209,0.91527724,9.800869607387579E-05,9.80087E-05,0.8976822,0.00010451099508551587,0.000104511,0.8586694,9.406030865174998E-05,9.4060306E-05,0.7998325,6.855729833212661E-05,6.8557296E-05,0.72707605,5.647123172830565E-05,5.647123E-05,0.6550701,4.696059189009816E-05,4.696059E-05,0.59448063,4.148514702057009E-05,4.1485146E-05,0.54081345,2.8054750867700955E-05,2.805475E-05,0.5165813,1.840511667722251E-05,1.8405117E-05,0,0,0,0,0,0,0,0,0,0,0,0,0,0,0,0,0,0,0,0,0,0,0,0,0,0,0,0,0,0,0,0,0,0,0,0,0,0,0,0,0,0,0,0,0,0,0,0,0,0,0,0,0,0,0,0,0,0,0,0,0,0,0,0,0,0,0,0,0,0,0,0,0,0,0,0,0,0,0,0,0
0,0,0,0,0,0,0,1.0393336,0.0003433624307859751,0.00034336242,0.91674393,0.00021099771075761012,0.0002109977,0.97504634,0.0001475504890136033,0.00014755048,1.0357157,0.00010685106067176451,0.00010685106,1.0865445,0.00010511385227784969,0.00010511385,1.1237627,0.00010190846604851699,0.00010190847,1.1416997,9.497118797169298E-05,9.497119E-05,1.1407299,0.00010029248378687339,0.000100292484,1.1135067,9.701031047715238E-05,9.7010314E-05,1.0548354,8.873888694127528E-05,8.873889E-05,0.9834267,2.8043402239219525E-05,2.8043401E-05,0.9323721,1.8444550018537058E-05,1.844455E-05,0.89156747,1.0414817250559168E-05,1.0414818E-05,0.7937244,2.0300398181905002E-07,2.0300398E-07,0.70580083,1.311865573741524E-07,1.3118655E-07,0.68497306,1.1861324843674699E-07,1.1861325E-07,0.61892235,1.2367439612866148E-07,1.236744E-07,0.53556633,1.6975887619924412E-07,1.6975888E-07,0,0,0,0,0,0,0,0,0,0,0,0,0,0,0,0,0,0,0,0,0,0,0,0,0,0,0,0,0,0,0,0,0,0,0,0,0,0,0,0,0,0,0,0,0,0,0,0,0,0,0,0,0,0,0,0,0,0,0,0,0,0,0
0,0,0,0,0,0,0,1.0901768,0.00040640351305332227,0.0004064035,1.0044132,0.00022298767116524194,0.00022298767,0.9168215,0.0001660723871128592,0.0001660724,0.819884,0.0001291729044747834,0.0001291729,0.72292817,0.00011026986858775349,0.000110269866,0.6295344,0.00010571486468677334,0.00010571486,0.5842467,9.504086810757663E-05,9.5040865E-05,0.5647917,0.00010024919799889169,0.0001002492,0.5270439,9.698711111849602E-05,9.698711E-05,0,0,0,0,0,0,0,0,0,0,0,0,0,0,0,0,0,0,0,0,0,0,0,0,0,0,0,0,0,0,0,0,0,0,0,0,0,0,0,0,0,0,0,0,0,0,0,0,0,0,0,0,0,0,0,0,0,0,0,0,0,0,0,0,0,0,0,0,0,0,0,0,0,0,0,0,0,0,0,0,0,0,0,0,0,0,0,0,0,0
0,0,0,0,0,0,0,0.9606407,0.00045591406793366106,0.00045591407,0.91049457,0.00026659739224754725,0.0002665974,0.8471411,0.00021416349751168809,0.00021416349,0.7903709,0.00018876123488453862,0.00018876123,0.748898,0.0001593722355082153,0.00015937224,0.7088664,0.00014401198851599087,0.00014401198,0.6582654,0.00012065514880399429,0.000120655146,0.6002688,0.00011542840943035155,0.00011542841,0.5333392,0.00010269538949891913,0.00010269539,0,0,0,0,0,0,0,0,0,0,0,0,0,0,0,0,0,0,0,0,0,0,0,0,0,0,0,0,0,0,0,0,0,0,0,0,0,0,0,0,0,0,0,0,0,0,0,0,0,0,0,0,0,0,0,0,0,0,0,0,0,0,0,0,0,0,0,0,0,0,0,0,0,0,0,0,0,0,0,0,0,0,0,0,0,0,0,0,0,0
0,0,0,0,0,0,0,0.74668795,0.0004881052088490092,0.0004881052,0.65634483,0.00026819166120894863,0.00026819165,0.63004816,0.00022742344383575,0.00022742344,0.59653264,0.00019320678048728731,0.00019320678,0.5623617,0.0001570793068601521,0.00015707931,0.53189796,0.0001441974379551496,0.00014419743,0.5018002,0.00012066394885457135,0.00012066395,0,0,0,0,0,0,0,0,0,0,0,0,0,0,0,0,0,0,0,0,0,0,0,0,0,0,0,0,0,0,0,0,0,0,0,0,0,0,0,0,0,0,0,0,0,0,0,0,0,0,0,0,0,0,0,0,0,0,0,0,0,0,0,0,0,0,0,0,0,0,0,0,0,0,0,0,0,0,0,0,0,0,0,0,0,0,0,0,0,0,0,0,0,0,0,0
0,0,0,0,0,0,0,0.6787574,0.0005274081843071879,0.0005274082,0.57974434,0.00030150660434932703,0.0003015066,0,0,0,0,0,0,0,0,0,0,0,0,0,0,0,0,0,0,0,0,0,0,0,0,0,0,0,0,0,0,0,0,0,0,0,0,0,0,0,0,0,0,0,0,0,0,0,0,0,0,0,0,0,0,0,0,0,0,0,0,0,0,0,0,0,0,0,0,0,0,0,0,0,0,0,0,0,0,0,0,0,0,0,0,0,0,0,0,0,0,0,0,0,0,0,0,0,0,0,0,0,0,0,0,0,0,0,0,0,0,0
0,0,0,0,0,0,0,0.7143163,0.0005387744779996587,0.0005387745,0.6181606,0.00030129905897954834,0.00030129906,0.58528215,0.00022699392066061221,0.00022699391,0.58115214,0.00019295517768691545,0.00019295518,0.56922525,0.000157617683652189,0.00015761769,0.55528605,0.00014635717393188285,0.00014635717,0.5370407,0.00012690791911595944,0.00012690792,0.5167136,0.00012126446525775857,0.000121264464,0,0,0,0,0,0,0,0,0,0,0,0,0,0,0,0,0,0,0,0,0,0,0,0,0,0,0,0,0,0,0,0,0,0,0,0,0,0,0,0,0,0,0,0,0,0,0,0,0,0,0,0,0,0,0,0,0,0,0,0,0,0,0,0,0,0,0,0,0,0,0,0,0,0,0,0,0,0,0,0,0,0,0,0,0,0,0,0,0,0,0,0,0
0,0,0,0,0,0,0,0.64697796,0.0005514488597495583,0.00055144884,0.50699615,0.00032056902162125306,0.00032056903,0,0,0,0,0,0,0,0,0,0,0,0,0,0,0,0,0,0,0,0,0,0,0,0,0,0,0,0,0,0,0,0,0,0,0,0,0,0,0,0,0,0,0,0,0,0,0,0,0,0,0,0,0,0,0,0,0,0,0,0,0,0,0,0,0,0,0,0,0,0,0,0,0,0,0,0,0,0,0,0,0,0,0,0,0,0,0,0,0,0,0,0,0,0,0,0,0,0,0,0,0,0,0,0,0,0,0,0,0,0,0
0,0,0,0,0,0,0,1.1300952,9.07905055880231E-05,9.0790505E-05,1.0730873,6.462675738312378E-07,6.4626755E-07,1.0838138,4.4895620141373743E-07,4.489562E-07,1.0381188,2.8540926430803305E-07,2.8540927E-07,0.95649934,1.9397312046821535E-07,1.9397312E-07,0.86587477,1.4138320802905408E-07,1.4138321E-07,0.80380666,1.0853355780077176E-07,1.08533555E-07,0.76385796,9.831436883957935E-08,9.8314366E-08,0.72053474,1.1124898987701497E-07,1.1124899E-07,0.675491,1.457219498211123E-07,1.4572196E-07,0.63430643,1.8990387909770249E-07,1.8990387E-07,0.60929257,2.1402983276224584E-07,2.1402984E-07,0.59072894,2.3442159057408116E-07,2.3442159E-07,0.5435997,2.659736763463089E-07,2.6597368E-07,0,0,0,0,0,0,0,0,0,0,0,0,0,0,0,0,0,0,0,0,0,0,0,0,0,0,0,0,0,0,0,0,0,0,0,0,0,0,0,0,0,0,0,0,0,0,0,0,0,0,0,0,0,0,0,0,0,0,0,0,0,0,0,0,0,0,0,0,0,0,0,0,0,0,0
0,0,0,0,0,0,0,0.50419116,9.080381546733303E-05,9.080381E-05,0,0,0,0,0,0,0,0,0,0,0,0,0,0,0,0,0,0,0,0,0,0,0,0,0,0,0,0,0,0,0,0,0,0,0,0,0,0,0,0,0,0,0,0,0,0,0,0,0,0,0,0,0,0,0,0,0,0,0,0,0,0,0,0,0,0,0,0,0,0,0,0,0,0,0,0,0,0,0,0,0,0,0,0,0,0,0,0,0,0,0,0,0,0,0,0,0,0,0,0,0,0,0,0,0,0,0,0,0,0,0,0,0,0
0,0,0,0,0,0,0,1.2478111,0.00013963207244982443,0.00013963207,1.2754877,7.146905207652605E-05,7.1469054E-05,1.2539684,4.032811946298725E-05,4.032812E-05,1.2250893,3.0133808595691985E-05,3.0133808E-05,1.1890236,3.0535349221927416E-05,3.053535E-05,1.1414388,2.7679062534757775E-05,2.7679063E-05,1.0815173,2.3274654452731758E-05,2.3274655E-05,1.0129968,1.9890302667247044E-05,1.9890304E-05,0.95567113,8.92614333694587E-06,8.926143E-06,0.9089763,4.392777302547605E-06,4.392777E-06,0.86061025,1.493589437434611E-06,1.4935895E-06,0.837844,5.812209995514905E-07,5.81221E-07,0.81060904,5.301372106719664E-07,5.301372E-07,0.75957805,9.618397223054222E-07,9.618398E-07,0.69680244,8.045808055877342E-07,8.045808E-07,0.68620664,7.325680074794078E-07,7.32568E-07,0.6388389,4.239489410223775E-07,4.2394893E-07,0.5658885,1.0578082536814825E-07,1.0578083E-07,0,0,0,0,0,0,0,0,0,0,0,0,0,0,0,0,0,0,0,0,0,0,0,0,0,0,0,0,0,0,0,0,0,0,0,0,0,0,0,0,0,0,0,0,0,0,0,0,0,0,0,0,0,0,0,0,0,0,0,0,0,0,0
0,0,0,0,0,0,0,1.2389244,0.00015496650279267474,0.0001549665,0,0,0,0,0,0,0,0,0,0,0,0,0,0,0,0,0,0,0,0,0,0,0,0,0,0,0,0,0,0,0,0,0,0,0,0,0,0,0,0,0,0,0,0,0,0,0,0,0,0,0,0,0,0,0,0,0,0,0,0,0,0,0,0,0,0,0,0,0,0,0,0,0,0,0,0,0,0,0,0,0,0,0,0,0,0,0,0,0,0,0,0,0,0,0,0,0,0,0,0,0,0,0,0,0,0,0,0,0,0,0,0,0,0
0,0,0,0,0,0,0,1.1830355,0.00030574596377364087,0.00030574595,1.2693588,8.666526479395027E-05,8.666526E-05,1.2434735,4.026085029321123E-05,4.026085E-05,1.2086326,3.0069550255251712E-05,3.006955E-05,1.1639664,3.061085101763175E-05,3.0610852E-05,1.1090456,2.77147937285394E-05,2.7714794E-05,1.042593,2.3290232253669858E-05,2.3290233E-05,0.9750079,1.9861295251555394E-05,1.9861296E-05,0.9058061,8.939565757870606E-06,8.939565E-06,0.8465153,4.424963461563399E-06,4.4249637E-06,0.7993358,1.571340306941168E-06,1.5713404E-06,0.771221,7.39281912616117E-07,7.392819E-07,0.75102043,6.965689970349348E-07,6.96569E-07,0.6998553,1.065145112538053E-06,1.065145E-06,0.65330106,8.594295615206598E-07,8.594296E-07,0.6399348,7.938830623270545E-07,7.938831E-07,0.6015273,5.404214142891449E-07,5.404214E-07,0.54318416,3.9471284052176885E-07,3.9471283E-07,0,0,0,0,0,0,0,0,0,0,0,0,0,0,0,0,0,0,0,0,0,0,0,0,0,0,0,0,0,0,0,0,0,0,0,0,0,0,0,0,0,0,0,0,0,0,0,0,0,0,0,0,0,0,0,0,0,0,0,0,0,0,0
0,0,0,0,0,0,0,0.59151834,0.00031425404202733883,0.00031425405,0.5189056,0.0003334710764031361,0.00033347108,0.55712324,4.5014001255394666E-05,4.5014E-05,0.5649445,0.00023678636431523334,0.00023678636,0.5394385,0.000183417763069349,0.00018341777,0,0,0,0,0,0,0,0,0,0,0,0,0,0,0,0,0,0,0,0,0,0,0,0,0,0,0,0,0,0,0,0,0,0,0,0,0,0,0,0,0,0,0,0,0,0,0,0,0,0,0,0,0,0,0,0,0,0,0,0,0,0,0,0,0,0,0,0,0,0,0,0,0,0,0,0,0,0,0,0,0,0,0,0,0,0,0,0,0,0,0,0,0,0,0,0,0,0,0,0,0,0
0,0,0,0,0,0,0,1.1619272,0.00031601389416069473,0.0003160139,1.1553085,0.00033344675747670657,0.00033344675,1.1581626,4.5017967254534754E-05,4.501797E-05,1.1042417,0.00023677671835647973,0.00023677672,1.0179716,0.00018338715161247946,0.00018338715,0.9192353,0.00013684488053905552,0.00013684489,0.8505413,0.00010049181480600851,0.000100491816,0.7966085,7.5190487057621E-05,7.519049E-05,0.73714864,8.940295095849509E-06,8.940295E-06,0.68247896,4.427808206947085E-06,4.427808E-06,0.6308,1.57871306849522E-06,1.5787131E-06,0.6022546,7.620433801554423E-07,7.620434E-07,0.5782533,7.216470942900148E-07,7.216471E-07,0.5293936,1.093932679004095E-06,1.0939327E-06,0,0,0,0,0,0,0,0,0,0,0,0,0,0,0,0,0,0,0,0,0,0,0,0,0,0,0,0,0,0,0,0,0,0,0,0,0,0,0,0,0,0,0,0,0,0,0,0,0,0,0,0,0,0,0,0,0,0,0,0,0,0,0,0,0,0,0,0,0,0,0,0,0,0,0
0,0,0,0,0,0,0,1.2310369,0.00035481784859175974,0.00035481784,1.2650548,0.00033346894558983203,0.00033346895,1.2357652,4.497760222263462E-05,4.49776E-05,1.1971248,0.0002367821291118237,0.00023678213,1.1467074,0.0001834060919003733,0.0001834061,1.083399,0.00013680892936018807,0.00013680893,1.0151584,0.00010045516875689668,0.00010045517,0.9520055,7.515804307873722E-05,7.5158045E-05,0.89059997,8.942532208067164E-06,8.942532E-06,0.8388161,4.432516564484302E-06,4.4325166E-06,0.7936987,1.5870765223621716E-06,1.5870766E-06,0.76790017,7.639880804976079E-07,7.6398806E-07,0.74536383,7.271334654520238E-07,7.2713345E-07,0.69457966,1.0988404852557698E-06,1.0988405E-06,0.65039647,8.613407151162822E-07,8.613407E-07,0.6383077,7.947443888076818E-07,7.947444E-07,0.5915108,5.341996891996968E-07,5.3419967E-07,0.53924847,3.9185678919577384E-07,3.918568E-07,0,0,0,0,0,0,0,0,0,0,0,0,0,0,0,0,0,0,0,0,0,0,0,0,0,0,0,0,0,0,0,0,0,0,0,0,0,0,0,0,0,0,0,0,0,0,0,0,0,0,0,0,0,0,0,0,0,0,0,0,0,0,0
0,0,0,0,0,0,0,0.5888241,0.0004228613677843556,0.00042286137,1.0268629,0.00042022420718945675,0.0004202242,0.93620104,0.00028429139018226735,0.0002842914,0.8800728,0.00031041023074990324,0.00031041022,0.83984524,0.0002550003761128824,0.00025500037,0.79255575,0.00020346523008507535,0.00020346523,0.7406791,0.0001621010729320471,0.00016210107,0.6917824,0.00013156798578051207,0.00013156798,0.637602,0.00010028003355250211,0.000100280035,0.5804075,8.41887552548995E-05,8.418875E-05,0,0,0,0,0,0,0,0,0,0,0,0,0,0,0,0,0,0,0,0,0,0,0,0,0,0,0,0,0,0,0,0,0,0,0,0,0,0,0,0,0,0,0,0,0,0,0,0,0,0,0,0,0,0,0,0,0,0,0,0,0,0,0,0,0,0,0,0,0,0,0,0,0,0,0,0,0,0,0,0,0,0,0,0,0,0,0
0,0,0,0,0,0,0,1.1381208,0.0004397767385270205,0.00043977675,1.090655,0.00043013360857681294,0.0004301336,1.0925028,0.0002908626856195086,0.0002908627,1.0451598,0.0003115498994004443,0.0003115499,0.96346897,0.00025523753195311823,0.00025523754,0.8684203,0.00020364797336619388,0.00020364797,0.80744785,0.00016197960541741648,0.00016197961,0.75798917,0.0001313765938261434,0.0001313766,0.71137965,0.00010005348252163652,0.00010005348,0.66274977,8.395530238639052E-05,8.39553E-05,0.61921406,1.9602431355295787E-06,1.960243E-06,0.60021764,1.3521491736209763E-06,1.3521492E-06,0.5786692,1.2231203603621565E-06,1.2231203E-06,0.5378629,1.3652562102298122E-06,1.3652563E-06,0,0,0,0,0,0,0,0,0,0,0,0,0,0,0,0,0,0,0,0,0,0,0,0,0,0,0,0,0,0,0,0,0,0,0,0,0,0,0,0,0,0,0,0,0,0,0,0,0,0,0,0,0,0,0,0,0,0,0,0,0,0,0,0,0,0,0,0,0,0,0,0,0,0,0
0,0,0,0,0,0,0,0,0,0,0.8224676,0.00046265847822488137,0.00046265847,0,0,0,0,0,0,0,0,0,0,0,0,0,0,0,0,0,0,0,0,0,0,0,0,0,0,0,0,0,0,0,0,0,0,0,0,0,0,0,0,0,0,0,0,0,0,0,0,0,0,0,0,0,0,0,0,0,0,0,0,0,0,0,0,0,0,0,0,0,0,0,0,0,0,0,0,0,0,0,0,0,0,0,0,0,0,0,0,0,0,0,0,0,0,0,0,0,0,0,0,0,0,0,0,0,0,0,0,0,0,0
0,0,0,0,0,0,0,1.1500148,0.0004482532864074916,0.0004482533,1.1277002,0.0004626833149962437,0.00046268333,1.1245297,0.00030813931771356284,0.0003081393,1.0750684,0.0003115510161647355,0.000311551,0.98987025,0.0002552379795120668,0.00025523797,0.8934573,0.00020364841232989377,0.00020364841,0.8337534,0.00016198067184666746,0.00016198067,0.781476,0.00013137447515390607,0.00013137447,0.7313827,0.00010004641319337475,0.00010004641,0.68011934,8.394935081754151E-05,8.394935E-05,0.6350381,1.9555737310345688E-06,1.9555737E-06,0.613195,1.3533101090520976E-06,1.3533102E-06,0.5920439,1.2340346640313276E-06,1.2340347E-06,0.548463,1.3635197826551676E-06,1.3635198E-06,0.507889,8.712565333392221E-07,8.7125653E-07,0,0,0,0,0,0,0,0,0,0,0,0,0,0,0,0,0,0,0,0,0,0,0,0,0,0,0,0,0,0,0,0,0,0,0,0,0,0,0,0,0,0,0,0,0,0,0,0,0,0,0,0,0,0,0,0,0,0,0,0,0,0,0,0,0,0,0,0,0,0,0,0
0,0,0,0,0,0,0,0,0,0,0.8846569,0.00046317448193833403,0.00046317448,0.8246436,0.00030968187093083317,0.00030968187,0,0,0,0,0,0,0,0,0,0,0,0,0,0,0,0,0,0,0,0,0,0,0,0,0,0,0,0,0,0,0,0,0,0,0,0,0,0,0,0,0,0,0,0,0,0,0,0,0,0,0,0,0,0,0,0,0,0,0,0,0,0,0,0,0,0,0,0,0,0,0,0,0,0,0,0,0,0,0,0,0,0,0,0,0,0,0,0,0,0,0,0,0,0,0,0,0,0,0,0,0,0,0,0,0,0,0,0
0,0,0,0,0,0,0,1.09248,0.0004727767240190191,0.00047277674,0.96402407,0.0004632008402553621,0.00046320085,0.9778954,0.0003097074870869184,0.00030970748,0.94191855,0.00031155020690293967,0.00031155022,0.87595147,0.0002552293906457611,0.0002552294,0.79075336,0.0002034793373720257,0.00020347934,0.73831874,0.00016183934801572482,0.00016183934,0.69323087,0.00013125049248230393,0.00013125049,0.6474888,0.00010004557401963031,0.000100045574,0.6032927,8.394899526359406E-05,8.3948995E-05,0.56056273,2.0273316192406815E-06,2.0273317E-06,0.537453,1.4368402227009335E-06,1.4368402E-06,0.5184256,1.3049665976150347E-06,1.3049666E-06,0,0,0,0,0,0,0,0,0,0,0,0,0,0,0,0,0,0,0,0,0,0,0,0,0,0,0,0,0,0,0,0,0,0,0,0,0,0,0,0,0,0,0,0,0,0,0,0,0,0,0,0,0,0,0,0,0,0,0,0,0,0,0,0,0,0,0,0,0,0,0,0,0,0,0,0,0,0
0,0,0,0,0,0,0,0,0,0,0.7445861,0.0004954051845744715,0.00049540517,0,0,0,0,0,0,0,0,0,0,0,0,0,0,0,0,0,0,0,0,0,0,0,0,0,0,0,0,0,0,0,0,0,0,0,0,0,0,0,0,0,0,0,0,0,0,0,0,0,0,0,0,0,0,0,0,0,0,0,0,0,0,0,0,0,0,0,0,0,0,0,0,0,0,0,0,0,0,0,0,0,0,0,0,0,0,0,0,0,0,0,0,0,0,0,0,0,0,0,0,0,0,0,0,0,0,0,0,0,0,0
0,0,0,0,0,0,0,1.1246995,0.0004992452234122703,0.00049924525,1.0117446,0.0004956416998572738,0.0004956417,1.0244236,0.00031011655788323845,0.00031011656,0.9844285,0.0003178442647165368,0.00031784427,0.9126762,0.00028316713255971453,0.00028316714,0.8220188,0.00021031854632180827,0.00021031854,0.7632937,0.00016792968613388293,0.00016792968,0.7164978,0.00013699904142455642,0.00013699904,0.66606426,0.00010034282761406389,0.000100342826,0.6181913,8.47060179250538E-05,8.4706015E-05,0.57293797,1.8437995522257996E-05,1.8437995E-05,0.5479996,1.7269800197422603E-05,1.72698E-05,0.5282861,1.6220351167967044E-05,1.622035E-05,0,0,0,0,0,0,0,0,0,0,0,0,0,0,0,0,0,0,0,0,0,0,0,0,0,0,0,0,0,0,0,0,0,0,0,0,0,0,0,0,0,0,0,0,0,0,0,0,0,0,0,0,0,0,0,0,0,0,0,0,0,0,0,0,0,0,0,0,0,0,0,0,0,0,0,0,0,0
0,0,0,0,0,0,0,0.9101663,0.0005362112082454287,0.0005362112,0.7610774,0.0005206577349581308,0.00052065775,0.7036026,0.00032625698188205854,0.000326257,0.6554842,0.0003284653488988553,0.00032846534,0.61374056,0.0002890180462925553,0.00028901803,0.57156914,0.00021720508004774382,0.00021720507,0.52687013,0.00017185528149210594,0.00017185528,0,0,0,0,0,0,0,0,0,0,0,0,0,0,0,0,0,0,0,0,0,0,0,0,0,0,0,0,0,0,0,0,0,0,0,0,0,0,0,0,0,0,0,0,0,0,0,0,0,0,0,0,0,0,0,0,0,0,0,0,0,0,0,0,0,0,0,0,0,0,0,0,0,0,0,0,0,0,0,0,0,0,0,0,0,0,0,0,0,0,0,0,0,0,0,0
0,0,0,0,0,0,0,0.878093,0.0005359466729299995,0.0005359467,0,0,0,0,0,0,0,0,0,0,0,0,0,0,0,0,0,0,0,0,0,0,0,0,0,0,0,0,0,0,0,0,0,0,0,0,0,0,0,0,0,0,0,0,0,0,0,0,0,0,0,0,0,0,0,0,0,0,0,0,0,0,0,0,0,0,0,0,0,0,0,0,0,0,0,0,0,0,0,0,0,0,0,0,0,0,0,0,0,0,0,0,0,0,0,0,0,0,0,0,0,0,0,0,0,0,0,0,0,0,0,0,0,0
0,0,0,0,0,0,0,1.0123765,0.0005379192624190838,0.0005379193,0.85642326,0.0005194281914236999,0.00051942817,0.8451795,0.0003262437670832343,0.00032624375,0.8268353,0.00032796866068113284,0.00032796865,0.7773023,0.00028997640537797923,0.0002899764,0.70943844,0.00021691603969897818,0.00021691604,0.6666798,0.0001715428698646491,0.00017154287,0.6291236,0.00013669550136502504,0.0001366955,0.5854687,0.00010036060027021635,0.0001003606,0.53890026,8.47566602364403E-05,8.475666E-05,0,0,0,0,0,0,0,0,0,0,0,0,0,0,0,0,0,0,0,0,0,0,0,0,0,0,0,0,0,0,0,0,0,0,0,0,0,0,0,0,0,0,0,0,0,0,0,0,0,0,0,0,0,0,0,0,0,0,0,0,0,0,0,0,0,0,0,0,0,0,0,0,0,0,0,0,0,0,0,0,0,0,0,0,0,0,0
0,0,0,0,0,0,0,1.2099452,0.0005704159781694249,0.000570416,1.2568,0.0005337071278777037,0.00053370715,1.229624,0.0003302144954246969,0.0003302145,1.1868712,0.0003387989229226562,0.0003387989,1.1316272,0.00028981094399860345,0.00028981094,1.0634514,0.0002168706945140374,0.0002168707,1.0000626,0.00017151186349328952,0.00017151187,0.93651766,0.00013661306394252543,0.00013661306,0.870103,0.00010036090428056068,0.00010036091,0.8068712,8.475679995703634E-05,8.47568E-05,0.75981724,1.840568419875239E-05,1.8405684E-05,0.73354447,1.7240377355204363E-05,1.7240378E-05,0.709218,1.619307961814311E-05,1.619308E-05,0.6568123,1.4132401294011932E-06,1.4132402E-06,0.60738,9.07885478346541E-07,9.0788546E-07,0.5946179,8.464519826618933E-07,8.46452E-07,0.55103415,6.126100641059901E-07,6.1261005E-07,0,0,0,0,0,0,0,0,0,0,0,0,0,0,0,0,0,0,0,0,0,0,0,0,0,0,0,0,0,0,0,0,0,0,0,0,0,0,0,0,0,0,0,0,0,0,0,0,0,0,0,0,0,0,0,0,0,0,0,0,0,0,0,0,0,0
0,0,0,0,0,0,0,1.2261517,0.0005748566580381929,0.00057485665,1.2676203,0.0005422974085234056,0.00054229744,1.2468221,0.0003423036381607966,0.00034230363,1.2163239,0.0003538669797766844,0.00035386698,1.174345,0.0002996728049182727,0.0002996728,1.1227221,0.00025214940139722754,0.0002521494,1.0588644,0.00021401810873533636,0.0002140181,0.99266213,0.00018446911206151936,0.00018446911,0.92102313,0.00015504104295971345,0.00015504104,0.85000736,8.476177940744413E-05,8.476178E-05,0.792863,1.839868681502437E-05,1.8398687E-05,0.7631954,1.7230052101052635E-05,1.7230052E-05,0.7382321,1.6179040996988643E-05,1.6179041E-05,0.68539846,1.8499132707835969E-06,1.8499132E-06,0.63171023,1.3346115012406747E-06,1.3346115E-06,0.6215281,1.2585914642617601E-06,1.2585915E-06,0.57599646,9.810681137409345E-07,9.810681E-07,0.5234381,7.244896600248926E-07,7.2448967E-07,0,0,0,0,0,0,0,0,0,0,0,0,0,0,0,0,0,0,0,0,0,0,0,0,0,0,0,0,0,0,0,0,0,0,0,0,0,0,0,0,0,0,0,0,0,0,0,0,0,0,0,0,0,0,0,0,0,0,0,0,0,0,0
0,0,0,0,0,0,0,0.7208021,0.0005748728131864669,0.0005748728,0.67653334,0.0005425623848203099,0.0005425624,0.59905064,0.0003474172104650507,0.0003474172,0.5242993,0.00036153255109838765,0.00036153255,0,0,0,0,0,0,0,0,0,0,0,0,0,0,0,0,0,0,0,0,0,0,0,0,0,0,0,0,0,0,0,0,0,0,0,0,0,0,0,0,0,0,0,0,0,0,0,0,0,0,0,0,0,0,0,0,0,0,0,0,0,0,0,0,0,0,0,0,0,0,0,0,0,0,0,0,0,0,0,0,0,0,0,0,0,0,0,0,0,0,0,0,0,0,0,0,0,0,0,0,0,0,0,0,0
0,0,0,0,0,0,0,1.1294264,0.0005969343305398686,0.00059693435,1.0680504,0.0005430119293443631,0.00054301193,1.0735323,0.00034720361513318487,0.0003472036,1.0244634,0.0003612931969115835,0.0003612932,0.94320977,0.00031663690879313343,0.0003166369,0.84804434,0.00029316316388550183,0.00029316318,0.79818755,0.00025391780419081755,0.0002539178,0.7509685,0.00023436889699263164,0.0002343689,0.70058775,0.0002127390795366724,0.00021273908,0.6482052,0.000166670047663687,0.00016667004,0.60359704,3.1635950279440604E-05,3.163595E-05,0.58027714,3.197024520895649E-05,3.1970245E-05,0.5625531,3.230632794548607E-05,3.230633E-05,0.52012616,3.1330351988767506E-05,3.1330354E-05,0,0,0,0,0,0,0,0,0,0,0,0,0,0,0,0,0,0,0,0,0,0,0,0,0,0,0,0,0,0,0,0,0,0,0,0,0,0,0,0,0,0,0,0,0,0,0,0,0,0,0,0,0,0,0,0,0,0,0,0,0,0,0,0,0,0,0,0,0,0,0,0,0,0,0
0,0,0,0,0,0,0,1.2143601,0.0005936145211904463,0.00059361453,1.2548208,0.0005437506648342528,0.00054375065,1.2257392,0.0003495635223457746,0.00034956352,1.1807319,0.00036458587240173376,0.00036458587,1.1222203,0.0003172546207138574,0.00031725463,1.0495561,0.0002969113886820422,0.0002969114,0.98884815,0.00025594497375880387,0.00025594496,0.9316644,0.00023425179367678206,0.0002342518,0.88502705,0.00021156144770306812,0.00021156145,0.8443746,0.00016633623918083047,0.00016633623,0.7998848,3.8010822543732606E-05,3.801082E-05,0.77495176,3.899432692888729E-05,3.8994327E-05,0.74624056,3.99532017120173E-05,3.99532E-05,0.6939257,3.977560812695728E-05,3.977561E-05,0.6352504,3.197294426504614E-05,3.1972944E-05,0.6233289,3.2610456434323125E-05,3.2610456E-05,0.57224447,3.4934744182812996E-05,3.4934743E-05,0.5108048,3.779623357003106E-05,3.7796235E-05,0,0,0,0,0,0,0,0,0,0,0,0,0,0,0,0,0,0,0,0,0,0,0,0,0,0,0,0,0,0,0,0,0,0,0,0,0,0,0,0,0,0,0,0,0,0,0,0,0,0,0,0,0,0,0,0,0,0,0,0,0,0,0
0,0,0,0,0,0,0,0,0,0,0.6439877,0.0005638692595513183,0.00056386925,0.5778741,0.00040234856349885534,0.00040234855,0.5071808,0.00039851951818359397,0.0003985195,0,0,0,0,0,0,0,0,0,0,0,0,0,0,0,0,0,0,0,0,0,0,0,0,0,0,0,0,0,0,0,0,0,0,0,0,0,0,0,0,0,0,0,0,0,0,0,0,0,0,0,0,0,0,0,0,0,0,0,0,0,0,0,0,0,0,0,0,0,0,0,0,0,0,0,0,0,0,0,0,0,0,0,0,0,0,0,0,0,0,0,0,0,0,0,0,0,0,0,0,0,0,0,0,0
0,0,0,0,0,0,0,1.1421499,0.0006302477090027747,0.0006302477,1.1449445,0.0005720477409334461,0.0005720477,1.144531,0.00040298955235690324,0.00040298956,1.0925958,0.0004069853893272916,0.00040698537,1.00447,0.00032283037224459184,0.00032283037,0.91200763,0.00029718953773125194,0.00029718954,0.85419613,0.0002598789010956895,0.0002598789,0.8030835,0.0002349695776013294,0.00023496957,0.74724954,0.00021398808802075575,0.00021398808,0.69452125,0.00016674735398378217,0.00016674736,0.6483421,3.8549695705686195E-05,3.8549697E-05,0.6282046,3.9368771003522914E-05,3.936877E-05,0.60684985,4.026908529342064E-05,4.0269086E-05,0.56623405,4.083846947144907E-05,4.083847E-05,0.5187351,3.3163060055407696E-05,3.316306E-05,0.5101197,3.3727123938120974E-05,3.3727123E-05,0,0,0,0,0,0,0,0,0,0,0,0,0,0,0,0,0,0,0,0,0,0,0,0,0,0,0,0,0,0,0,0,0,0,0,0,0,0,0,0,0,0,0,0,0,0,0,0,0,0,0,0,0,0,0,0,0,0,0,0,0,0,0,0,0,0,0,0,0
0,0,0,0,0,0,0,0.5140567,0.0006308614149421748,0.00063086144,0,0,0,0,0,0,0,0,0,0,0,0,0,0,0,0,0,0,0,0,0,0,0,0,0,0,0,0,0,0,0,0,0,0,0,0,0,0,0,0,0,0,0,0,0,0,0,0,0,0,0,0,0,0,0,0,0,0,0,0,0,0,0,0,0,0,0,0,0,0,0,0,0,0,0,0,0,0,0,0,0,0,0,0,0,0,0,0,0,0,0,0,0,0,0,0,0,0,0,0,0,0,0,0,0,0,0,0,0,0,0,0,0,0
0,0,0,0,0,0,0,1.1617204,0.0006308622003252654,0.0006308622,1.2306864,0.0005995496801658436,0.0005995497,1.2086308,0.0004230329734251643,0.00042303297,1.1558487,0.000406739914865201,0.0004067399,1.0839741,0.00032296358020211726,0.00032296358,1.0032554,0.0002965856627004099,0.00029658567,0.9446841,0.0002598600688535903,0.00025986007,0.88716716,0.0002349322096658613,0.00023493222,0.8225919,0.00021398524256355323,0.00021398524,0.76322424,0.0001667403053278166,0.00016674031,0.7180879,3.8566765019509916E-05,3.8566766E-05,0.6968962,3.9378516205501556E-05,3.9378516E-05,0.67205554,4.027545361484655E-05,4.0275452E-05,0.629199,4.08578654398361E-05,4.0857867E-05,0.580515,3.316360818228495E-05,3.3163607E-05,0.5703458,3.372782156052526E-05,3.372782E-05,0.5257114,3.495016017085455E-05,3.495016E-05,0,0,0,0,0,0,0,0,0,0,0,0,0,0,0,0,0,0,0,0,0,0,0,0,0,0,0,0,0,0,0,0,0,0,0,0,0,0,0,0,0,0,0,0,0,0,0,0,0,0,0,0,0,0,0,0,0,0,0,0,0,0,0,0,0,0
0,0,0,0,0,0,0,0,0,0,0.5952812,0.0006020661199443998,0.0006020661,0.52887106,0.0004213409564974841,0.00042134096,0,0,0,0,0,0,0,0,0,0,0,0,0,0,0,0,0,0,0,0,0,0,0,0,0,0,0,0,0,0,0,0,0,0,0,0,0,0,0,0,0,0,0,0,0,0,0,0,0,0,0,0,0,0,0,0,0,0,0,0,0,0,0,0,0,0,0,0,0,0,0,0,0,0,0,0,0,0,0,0,0,0,0,0,0,0,0,0,0,0,0,0,0,0,0,0,0,0,0,0,0,0,0,0,0,0,0,0
0,0,0,0,0,0,0,1.2734977,0.0006323052187910944,0.0006323052,1.2828573,0.0006020833442128547,0.00060208334,1.2605373,0.00042132237941494544,0.0004213224,1.2369927,0.00040801862174447097,0.00040801862,1.207982,0.00032826799856494604,0.000328268,1.1710539,0.00030368861533547326,0.0003036886,1.1212096,0.0002639878675522186,0.00026398787,1.0600623,0.00024020297555149556,0.00024020298,1.0005653,0.00021398338730316266,0.00021398338,0.949436,0.00016674378461972733,0.00016674379,0.9025585,3.855096711583019E-05,3.8550967E-05,0.8752631,3.936017271954915E-05,3.9360173E-05,0.8522893,4.025675682517434E-05,4.0256757E-05,0.7944368,4.0854990575267685E-05,4.085499E-05,0.7383469,3.316354351179377E-05,3.3163542E-05,0.72259945,3.3726826594637907E-05,3.372683E-05,0.67112464,3.495114920237795E-05,3.495115E-05,0.6015438,3.778919328834002E-05,3.7789192E-05,0.51963806,1.5284665045439725E-07,1.5284665E-07,0.5030832,1.5102818628869057E-07,1.5102819E-07,0,0,0,0,0,0,0,0,0,0,0,0,0,0,0,0,0,0,0,0,0,0,0,0,0,0,0,0,0,0,0,0,0,0,0,0,0,0,0,0,0,0,0,0,0,0,0,0,0,0,0,0,0,0,0,0,0
0,0,0,0,0,0,0,0.7106251,0.0006810853234665586,0.00068108534,0.6321897,0.0006190807563579711,0.00061908073,0.5389159,0.000426068033878013,0.00042606803,0,0,0,0,0,0,0,0,0,0,0,0,0,0,0,0,0,0,0,0,0,0,0,0,0,0,0,0,0,0,0,0,0,0,0,0,0,0,0,0,0,0,0,0,0,0,0,0,0,0,0,0,0,0,0,0,0,0,0,0,0,0,0,0,0,0,0,0,0,0,0,0,0,0,0,0,0,0,0,0,0,0,0,0,0,0,0,0,0,0,0,0,0,0,0,0,0,0,0,0,0,0,0,0,0,0,0,0
0,0,0,0,0,0,0,1.1554962,0.0006810480407085655,0.000681048,1.2201566,0.0006190210707135439,0.00061902107,1.2004118,0.0004261708182352612,0.00042617082,1.1443969,0.00040896441740911877,0.0004089644,1.06733,0.0003298713793402631,0.00032987137,0.981884,0.00030601293591381236,0.00030601292,0.92313725,0.0002637925358204837,0.00026379255,0.86824054,0.0002402139643327141,0.00024021397,0.8096377,0.0002139823166709131,0.00021398232,0.75234234,0.0001667293192957888,0.00016672933,0.70756245,3.8567335470418526E-05,3.8567334E-05,0.6821343,3.9369915000531E-05,3.9369916E-05,0.663603,4.02611409509036E-05,4.026114E-05,0.61335504,4.085514800089556E-05,4.085515E-05,0.56713253,3.316008355991332E-05,3.3160082E-05,0.5542886,3.372390643630038E-05,3.3723907E-05,0.51456344,3.495251103746705E-05,3.495251E-05,0,0,0,0,0,0,0,0,0,0,0,0,0,0,0,0,0,0,0,0,0,0,0,0,0,0,0,0,0,0,0,0,0,0,0,0,0,0,0,0,0,0,0,0,0,0,0,0,0,0,0,0,0,0,0,0,0,0,0,0,0,0,0,0,0,0
0,0,0,0,0,0,0,0.53168267,0.0006800340349625293,0.00068003405,0,0,0,0,0,0,0,0,0,0,0,0,0,0,0,0,0,0,0,0,0,0,0,0,0,0,0,0,0,0,0,0,0,0,0,0,0,0,0,0,0,0,0,0,0,0,0,0,0,0,0,0,0,0,0,0,0,0,0,0,0,0,0,0,0,0,0,0,0,0,0,0,0,0,0,0,0,0,0,0,0,0,0,0,0,0,0,0,0,0,0,0,0,0,0,0,0,0,0,0,0,0,0,0,0,0,0,0,0,0,0,0,0,0
0,0,0,0,0,0,0,1.0968778,0.0007471932995271055,0.0007471933,0.9804258,0.0006195461051763398,0.0006195461,1.0001011,0.0004270027882203873,0.0004270028,0.9633067,0.00042815208825031114,0.0004281521,0.89489716,0.00033917217502621536,0.00033917217,0.8123703,0.0003098393876684865,0.00030983938,0.7658151,0.000262737424300802,0.00026273742,0.7234348,0.00024012378976978588,0.00024012379,0.6737378,0.00021382609077447165,0.00021382609,0.62185264,0.000166673686938068,0.0001666737,0.5742831,3.851753661424103E-05,3.8517537E-05,0.5492836,3.932138742124287E-05,3.932139E-05,0.5274239,4.0227146210991705E-05,4.0227147E-05,0,0,0,0,0,0,0,0,0,0,0,0,0,0,0,0,0,0,0,0,0,0,0,0,0,0,0,0,0,0,0,0,0,0,0,0,0,0,0,0,0,0,0,0,0,0,0,0,0,0,0,0,0,0,0,0,0,0,0,0,0,0,0,0,0,0,0,0,0,0,0,0,0,0,0,0,0,0
0,0,0,0,0,0,0,1.1572995,0.0008009395732386778,0.00080093957,1.1938598,0.000642559096236339,0.0006425591,1.1843597,0.0004724274401009048,0.00047242743,1.1258473,0.0004568940629152424,0.00045689405,1.0408591,0.000379281722692457,0.00037928173,0.9484512,0.0003337740950225254,0.0003337741,0.89066696,0.00026557663985016255,0.00026557664,0.8391916,0.0002447427534608694,0.00024474275,0.78235644,0.00021436337891578256,0.00021436338,0.72399724,0.00017040480784152857,0.0001704048,0.67564356,4.096532511899132E-05,4.0965326E-05,0.6530572,4.1316559374837725E-05,4.1316558E-05,0.6331968,4.1834120959927146E-05,4.1834122E-05,0.5916977,4.181573988049074E-05,4.181574E-05,0.54326177,3.4095603253181395E-05,3.4095603E-05,0.53391105,3.44898967175045E-05,3.4489898E-05,0,0,0,0,0,0,0,0,0,0,0,0,0,0,0,0,0,0,0,0,0,0,0,0,0,0,0,0,0,0,0,0,0,0,0,0,0,0,0,0,0,0,0,0,0,0,0,0,0,0,0,0,0,0,0,0,0,0,0,0,0,0,0,0,0,0,0,0,0
0,0,0,0,0,0,0,0.5706879,0.0008052419515831598,0.0008052419,0.53557074,0.000683204295170993,0.0006832043,0,0,0,0,0,0,0,0,0,0,0,0,0,0,0,0,0,0,0,0,0,0,0,0,0,0,0,0,0,0,0,0,0,0,0,0,0,0,0,0,0,0,0,0,0,0,0,0,0,0,0,0,0,0,0,0,0,0,0,0,0,0,0,0,0,0,0,0,0,0,0,0,0,0,0,0,0,0,0,0,0,0,0,0,0,0,0,0,0,0,0,0,0,0,0,0,0,0,0,0,0,0,0,0,0,0,0,0,0,0,0
0,0,0,0,0,0,0,1.1459916,0.0008073696439930823,0.00080736965,1.1323003,0.0006833070108125377,0.000683307,1.1331925,0.0005070864070368386,0.0005070864,1.0831562,0.00045684328249168105,0.0004568433,0.99760455,0.0003791098902985493,0.0003791099,0.9060836,0.00033383943764575503,0.00033383945,0.85340434,0.00026557983869118784,0.00026557985,0.80329657,0.00024475076145402664,0.00024475076,0.7492445,0.0002143683109416817,0.00021436831,0.694626,0.0001704074042462312,0.00017040741,0.64322144,4.097265555352834E-05,4.0972656E-05,0.6188719,4.1325697686556065E-05,4.1325697E-05,0.59614253,4.184370669679796E-05,4.184371E-05,0.5559608,4.182622433157595E-05,4.1826224E-05,0.5135363,3.410001645698379E-05,3.4100016E-05,0.5042564,3.449356182660945E-05,3.449356E-05,0,0,0,0,0,0,0,0,0,0,0,0,0,0,0,0,0,0,0,0,0,0,0,0,0,0,0,0,0,0,0,0,0,0,0,0,0,0,0,0,0,0,0,0,0,0,0,0,0,0,0,0,0,0,0,0,0,0,0,0,0,0,0,0,0,0,0,0,0
0,0,0,0,0,0,0,0.948717,0.0008184687768417205,0.0008184688,0.79695576,0.0007015918174604356,0.00070159184,0.7878483,0.0005086694884214307,0.0005086695,0.7745096,0.00046295709383847736,0.0004629571,0.7298384,0.00038946014780905135,0.00038946015,0.6693063,0.0003458435320093382,0.00034584352,0.6309602,0.00027581785465173597,0.00027581785,0.6009676,0.0002533015654274936,0.00025330158,0.56219643,0.000223485436529059,0.00022348543,0.5193109,0.00017547250766558573,0.00017547251,0,0,0,0,0,0,0,0,0,0,0,0,0,0,0,0,0,0,0,0,0,0,0,0,0,0,0,0,0,0,0,0,0,0,0,0,0,0,0,0,0,0,0,0,0,0,0,0,0,0,0,0,0,0,0,0,0,0,0,0,0,0,0,0,0,0,0,0,0,0,0,0,0,0,0,0,0,0,0,0,0,0,0,0,0,0,0
0,0,0,0,0,0,0,1.2650127,0.000818994577105436,0.0008189946,1.2823935,0.0007002690093022582,0.000700269,1.2616564,0.0005113797492453679,0.00051137974,1.2389424,0.0004629490632990223,0.00046294907,1.2099013,0.00038945774164950115,0.00038945774,1.1752449,0.0003458527826147855,0.00034585278,1.1258732,0.0002758232444836229,0.00027582326,1.0687687,0.00025330247433094655,0.00025330248,0.9952164,0.00022352121276636417,0.00022352122,0.9270626,0.0001754867297002472,0.00017548673,0.8702379,4.1104744802011954E-05,4.1104744E-05,0.84394455,4.143125864286555E-05,4.143126E-05,0.8145821,4.192295055305275E-05,4.192295E-05,0.7603551,4.1831117197355065E-05,4.1831117E-05,0.70604783,3.409781769114764E-05,3.409782E-05,0.69409007,3.449280588196928E-05,3.4492805E-05,0.6410841,3.49523611644642E-05,3.495236E-05,0.587501,3.7789333005910844E-05,3.7789334E-05,0.5110243,1.8418450872977E-07,1.8418451E-07,0,0,0,0,0,0,0,0,0,0,0,0,0,0,0,0,0,0,0,0,0,0,0,0,0,0,0,0,0,0,0,0,0,0,0,0,0,0,0,0,0,0,0,0,0,0,0,0,0,0,0,0,0,0,0,0,0,0,0,0
0,0,0,0,0,0,0,0.75774014,0.0008395826165320532,0.00083958264,0.65864855,0.0007411736530689155,0.00074117363,0.56409276,0.0005728475660260749,0.00057284755,0,0,0,0,0,0,0,0,0,0,0,0,0,0,0,0,0,0,0,0,0,0,0,0,0,0,0,0,0,0,0,0,0,0,0,0,0,0,0,0,0,0,0,0,0,0,0,0,0,0,0,0,0,0,0,0,0,0,0,0,0,0,0,0,0,0,0,0,0,0,0,0,0,0,0,0,0,0,0,0,0,0,0,0,0,0,0,0,0,0,0,0,0,0,0,0,0,0,0,0,0,0,0,0,0,0,0,0
